<?xml version="1.0" encoding="UTF-8"?>
<ibibo>
<home>
<roundTrip>//*[@id='gi_roundtrip_label']</roundTrip>
<sourceCity>//*[@id='gosuggest_inputSrc']</sourceCity>
<destCity>//*[@id='gosuggest_inputDest']</destCity>
<day1>(//div[@class="col-md-6 col-sm-6 col-xs-6"])[1]</day1>
<day2>(//div[@class="col-md-6 col-sm-6 col-xs-6"])[2]</day2>
<class>//*[@id='gi_class']</class>
<goBtn>//*[@id='gi_search_btn']</goBtn>
<Book><bookBtn>//*[@id='fltTcktVoucher']/div[3]/div/div[2]/input</bookBtn>
</Book>
</home>
</ibibo>



